POIID,Distance_Avg,Distance_Std,Distance_Max,Location_Count,Area,Density
POI1,0.34823036575437966,1293.3684073502072,11524.580636682262,19999,417253640.6070165,4.793007910225936e-05
POI3,0.8088508877624195,1316.0217002058216,13971.018678377828,19999,613205468.5818985,3.2613864397279057e-05
POI4,16.218879334615306,1316.3238264292338,14183.402142599572,19999,631990726.8684207,3.164445165057581e-05
